[
      { 
        "id": 1, 
        "nome": "Scorpion", 
        "golpe1Nome": "Spear",
        "golpe1Comando": "Trás, Frente, Soco Baixo",
        "golpe2Nome": "Teleport",
        "golpe2Comando": "Meia lua para trás, Soco Alto",
        "golpe3": "",
        "golpe3Comando": "",
        "fatality": "Cima, Cima (enquanto segura o botão de Bloqueio e na distância de uma rasteira do adversário)",
        "imageUrl": "https://cdn-30-prod.mortalkombat.com/roster/scorpion/gallery/mortal-kombat-1.gif"
      },
      { 
        "id": 2, 
        "nome": "Sub Zero", 
        "golpe1Nome": "Slide",
        "golpe1Comando": "Trás + Soco Baixo + Chute Baixo + Bloqueio",
        "golpe2Nome": "Freeze",
        "golpe2Comando": "Baixo, Frente, Soco Baixo",
        "golpe3": "",
        "golpe3Comando": "",
        "fatality": "Frente, Baixo, Frente, Soco Alto (perto do oponente)",
        "imageUrl": "https://cdn-30-prod.mortalkombat.com/roster/sub-zero/gallery/mortal-kombat-1.gif"
      },
      { 
        "id": 3, 
        "nome": "Sonya", 
        "golpe1Nome": "Square Wave Fligh",
        "golpe1Comando": "Frente, Trás, Soco Baixo",
        "golpe2Nome": "Ring Toss",
        "golpe2Comando": "Trás, Trás, Soco Baixo",
        "golpe3": "Leg Grab",
        "golpe3Comando": "Bloqueio + Soco Baixo + Chute Baixo",
        "fatality": "Frente, Frente, Trás, Trás, Bloqueio",
        "imageUrl": "https://cdn-30-prod.mortalkombat.com/roster/sonya-blade/gallery/mortal-kombat-1.gif" 
      },
      { 
        "id": 4, 
        "nome": "Raiden", 
        "golpe1Nome": "Torpedo",
        "golpe1Comando": "Trás, Trás, Frente",
        "golpe2Nome": "Teleport",
        "golpe2Comando": "Baixo, Cima",
        "golpe3": "Lightning",
        "golpe3Comando": "Baixo, Frente, Soco Baixo",
        "fatality": "Frente, Trás, Trás, Trás, Soco Alto (perto do oponente)",
        "imageUrl": "https://cdn-30-prod.mortalkombat.com/roster/raiden/gallery/mortal-kombat-1.gif" 
      },
      { 
        "id": 5, 
        "nome": "Kano", 
        "golpe1Nome": "Spin Attack",
        "golpe1Comando": "Se afaste do adversário e faça um círculo completo no sentido anti-horário com os direcionais",
        "golpe2Nome": "Knife Throw",
        "golpe2Comando": "Enquanto segura o botão de Bloqueio, pressione Trás, Frente",
        "golpe3": "",
        "golpe3Comando": "",
        "fatality": "Trás, Frente, Soco Baixo (perto do oponente)",
        "imageUrl": "https://cdn-30-prod.mortalkombat.com/roster/kano/gallery/mortal-kombat-1.gif" 
      },
      { 
        "id": 6, 
        "nome": "Liu Kang", 
        "golpe1Nome": "Flying Kick",
        "golpe1Comando": " Frente, Frente, Chute Alto",
        "golpe2Nome": "Fireball",
        "golpe2Comando": "Frente, Frente, Soco Alto",
        "golpe3": "",
        "golpe3Comando": "",
        "fatality": "Frente, Cima, Trás, Baixo, Frente (uma volta completa no sentido anti-horário)",
        "imageUrl": "https://cdn-30-prod.mortalkombat.com/roster/liu-kang/gallery/mortal-kombat-1.gif" 
      },
      { 
        "id": 7, 
        "nome": "Johnny Cage", 
        "golpe1Nome": "Shadow Kick",
        "golpe1Comando": "Trás, Frente, Chute Baixo",
        "golpe2Nome": "Ball Breaker",
        "golpe2Comando": "Bloqueio + Soco Baixo",
        "golpe3": "Green Bolt",
        "golpe3Comando": "Trás, Frente, Soco Baixo",
        "fatality": "frente, Frente, Frente, Soco Alto",
        "imageUrl": "https://cdn-30-prod.mortalkombat.com/roster/johnny-cage/gallery/mortal-kombat-1.gif" 
      }
]